CREATE TABLE users (
   id INT  GENERATED BY DEFAULT AS IDENTITY PRIMARY KEY,
   username varchar(15),
   password varchar(100)
);

CREATE TABLE roles (
   id INT  GENERATED BY DEFAULT AS IDENTITY PRIMARY KEY,
   name varchar(15)
);

CREATE TABLE users_roles(
    user_id INT NOT NULL,
    roles_id INT NOT NULL,
    FOREIGN KEY (user_id) REFERENCES users(id),
    FOREIGN KEY (roles_id) REFERENCES roles(id),
    UNIQUE (user_id, roles_id)
);

CREATE TABLE books (
   id INT  GENERATED BY DEFAULT AS IDENTITY PRIMARY KEY,
   name varchar(15),
   description varchar,
   user_id INT,
   FOREIGN KEY (user_id) REFERENCES users(id)
);

CREATE TABLE characters (
   id INT  GENERATED BY DEFAULT AS IDENTITY PRIMARY KEY,
   name varchar(15),
   description varchar(500),
   book_id INT NOT NULL,
   first_chapters_id INT,
   FOREIGN KEY (book_id) REFERENCES books(id)
);

CREATE TABLE history (
    id INT  GENERATED BY DEFAULT AS IDENTITY PRIMARY KEY,
    time varchar(100),
    description varchar,
    book_id INT NOT NULL,
    FOREIGN KEY (book_id) REFERENCES books(id)
);

CREATE TABLE chapters (
     id INT  GENERATED BY DEFAULT AS IDENTITY PRIMARY KEY,
     name varchar(50),
     content varchar,
     book_id INT NOT NULL,
     FOREIGN KEY (book_id) REFERENCES books(id)
);

CREATE TABLE geography (
      id INT  GENERATED BY DEFAULT AS IDENTITY PRIMARY KEY,
      name varchar(15),
      description varchar(500),
      book_id INT NOT NULL,
      FOREIGN KEY (book_id) REFERENCES books(id)
);

CREATE TABLE notes (
       id INT  GENERATED BY DEFAULT AS IDENTITY PRIMARY KEY,
       description varchar(1000),
       book_id INT NOT NULL,
       FOREIGN KEY (book_id) REFERENCES books(id)
);

INSERT INTO users VALUES
    (1, 'admin', 'admin'),
    (2, 'atmi', 'atmi'),
    (3, 'temiraklo', 'temiraklo');

INSERT INTO roles VALUES
    (1, 'ROLE_ADMIN'),
    (2, 'ROLE_USER');

INSERT INTO users_roles VALUES
    (1,1),
    (2,2),
    (3,2);

INSERT INTO books VALUES
    (1, 'book 1', 'this is first book for test app', 2),
    (2, 'book 2', 'this is second book for test app', 2),
    (3, 'book 3', 'this is third book for test app', 2),
    (4, 'book 1', 'this is first book for test app', 3);

INSERT INTO characters VALUES
    (1, 'Alex', 'this is first hero for test app', 1, 1),
    (2, 'Kate', 'this is second hero for test app', 1, 1),
    (3, 'Max', 'this is third hero for test app', 1, 2),

    (4, 'Alex', 'this is first hero for test app', 2, 1),
    (5, 'Kate', 'this is second hero for test app', 2, 2),
    (6, 'Max', 'this is third hero for test app', 2, 2),

    (7, 'Alex', 'this is first hero for test app', 3, 1),
    (8, 'Kate', 'this is second hero for test app', 3, 1),
    (9, 'Max', 'this is third hero for test app', 3, 2),

    (10, 'Alex', 'this is first hero for test app', 4, 1),
    (11, 'Kate', 'this is second hero for test app', 4, 1),
    (12, 'Max', 'this is third hero for test app', 4, 1);

INSERT INTO history VALUES
    (1, '1 BC', 'Foundation of the city', 1),
    (2, '2 BC', 'Arrival of the king', 1),
    (3, '12 BC', 'Death of the king', 1),

    (4, '1 BC', 'Foundation of the city', 2),
    (5, '2 BC', 'Arrival of the king', 2),
    (6, '12 BC', 'Death of the king', 2),

    (7, '1 BC', 'Foundation of the city', 3),
    (8, '2 BC', 'Arrival of the king', 3),
    (9, '12 BC', 'Death of the king', 3),

    (10, '1 BC', 'Foundation of the city', 4),
    (11, '2 BC', 'Arrival of the king', 4),
    (12, '12 BC', 'Death of the king', 4);

INSERT INTO chapters VALUES
    (1, 'Chapters One', 'Sed ut perspiciatis unde omnis iste natus error sit voluptatem accusantium doloremque laudantium, totam rem aperiam, eaque ipsa quae ab illo inventore veritatis et quasi architecto beatae vitae dicta sunt explicabo. Nemo enim ipsam voluptatem quia voluptas sit aspernatur aut odit aut fugit, sed quia consequuntur magni dolores eos qui ratione voluptatem sequi nesciunt. Neque porro quisquam est, qui dolorem ipsum quia dolor sit amet, consectetur, adipisci velit, sed quia non numquam eius modi tempora incidunt ut labore et dolore magnam aliquam quaerat voluptatem.', 1),
    (2, 'Chapters Two', 'Sed ut perspiciatis unde omnis iste natus error sit voluptatem accusantium doloremque laudantium, totam rem aperiam, eaque ipsa quae ab illo inventore veritatis et quasi architecto beatae vitae dicta sunt explicabo. Nemo enim ipsam voluptatem quia voluptas sit aspernatur aut odit aut fugit, sed quia consequuntur magni dolores eos qui ratione voluptatem sequi nesciunt. Neque porro quisquam est, qui dolorem ipsum quia dolor sit amet, consectetur, adipisci velit, sed quia non numquam eius modi tempora incidunt ut labore et dolore magnam aliquam quaerat voluptatem.', 1),

    (3, 'Chapters One', 'Sed ut perspiciatis unde omnis iste natus error sit voluptatem accusantium doloremque laudantium, totam rem aperiam, eaque ipsa quae ab illo inventore veritatis et quasi architecto beatae vitae dicta sunt explicabo. Nemo enim ipsam voluptatem quia voluptas sit aspernatur aut odit aut fugit, sed quia consequuntur magni dolores eos qui ratione voluptatem sequi nesciunt. Neque porro quisquam est, qui dolorem ipsum quia dolor sit amet, consectetur, adipisci velit, sed quia non numquam eius modi tempora incidunt ut labore et dolore magnam aliquam quaerat voluptatem.', 2),
    (4, 'Chapters Two', 'Sed ut perspiciatis unde omnis iste natus error sit voluptatem accusantium doloremque laudantium, totam rem aperiam, eaque ipsa quae ab illo inventore veritatis et quasi architecto beatae vitae dicta sunt explicabo. Nemo enim ipsam voluptatem quia voluptas sit aspernatur aut odit aut fugit, sed quia consequuntur magni dolores eos qui ratione voluptatem sequi nesciunt. Neque porro quisquam est, qui dolorem ipsum quia dolor sit amet, consectetur, adipisci velit, sed quia non numquam eius modi tempora incidunt ut labore et dolore magnam aliquam quaerat voluptatem.', 2),
    (5, 'Chapters Three', 'Sed ut perspiciatis unde omnis iste natus error sit voluptatem accusantium doloremque laudantium, totam rem aperiam, eaque ipsa quae ab illo inventore veritatis et quasi architecto beatae vitae dicta sunt explicabo. Nemo enim ipsam voluptatem quia voluptas sit aspernatur aut odit aut fugit, sed quia consequuntur magni dolores eos qui ratione voluptatem sequi nesciunt. Neque porro quisquam est, qui dolorem ipsum quia dolor sit amet, consectetur, adipisci velit, sed quia non numquam eius modi tempora incidunt ut labore et dolore magnam aliquam quaerat voluptatem.', 2),

    (6, 'Chapters One', 'Sed ut perspiciatis unde omnis iste natus error sit voluptatem accusantium doloremque laudantium, totam rem aperiam, eaque ipsa quae ab illo inventore veritatis et quasi architecto beatae vitae dicta sunt explicabo. Nemo enim ipsam voluptatem quia voluptas sit aspernatur aut odit aut fugit, sed quia consequuntur magni dolores eos qui ratione voluptatem sequi nesciunt. Neque porro quisquam est, qui dolorem ipsum quia dolor sit amet, consectetur, adipisci velit, sed quia non numquam eius modi tempora incidunt ut labore et dolore magnam aliquam quaerat voluptatem.', 3),
    (7, 'Chapters Two', 'Sed ut perspiciatis unde omnis iste natus error sit voluptatem accusantium doloremque laudantium, totam rem aperiam, eaque ipsa quae ab illo inventore veritatis et quasi architecto beatae vitae dicta sunt explicabo. Nemo enim ipsam voluptatem quia voluptas sit aspernatur aut odit aut fugit, sed quia consequuntur magni dolores eos qui ratione voluptatem sequi nesciunt. Neque porro quisquam est, qui dolorem ipsum quia dolor sit amet, consectetur, adipisci velit, sed quia non numquam eius modi tempora incidunt ut labore et dolore magnam aliquam quaerat voluptatem.', 3),
    (8, 'Chapters Three', 'Sed ut perspiciatis unde omnis iste natus error sit voluptatem accusantium doloremque laudantium, totam rem aperiam, eaque ipsa quae ab illo inventore veritatis et quasi architecto beatae vitae dicta sunt explicabo. Nemo enim ipsam voluptatem quia voluptas sit aspernatur aut odit aut fugit, sed quia consequuntur magni dolores eos qui ratione voluptatem sequi nesciunt. Neque porro quisquam est, qui dolorem ipsum quia dolor sit amet, consectetur, adipisci velit, sed quia non numquam eius modi tempora incidunt ut labore et dolore magnam aliquam quaerat voluptatem.', 3),

    (9, 'Chapters One', 'Sed ut perspiciatis unde omnis iste natus error sit voluptatem accusantium doloremque laudantium, totam rem aperiam, eaque ipsa quae ab illo inventore veritatis et quasi architecto beatae vitae dicta sunt explicabo. Nemo enim ipsam voluptatem quia voluptas sit aspernatur aut odit aut fugit, sed quia consequuntur magni dolores eos qui ratione voluptatem sequi nesciunt. Neque porro quisquam est, qui dolorem ipsum quia dolor sit amet, consectetur, adipisci velit, sed quia non numquam eius modi tempora incidunt ut labore et dolore magnam aliquam quaerat voluptatem.', 4),
    (10, 'Chapters Two', 'Sed ut perspiciatis unde omnis iste natus error sit voluptatem accusantium doloremque laudantium, totam rem aperiam, eaque ipsa quae ab illo inventore veritatis et quasi architecto beatae vitae dicta sunt explicabo. Nemo enim ipsam voluptatem quia voluptas sit aspernatur aut odit aut fugit, sed quia consequuntur magni dolores eos qui ratione voluptatem sequi nesciunt. Neque porro quisquam est, qui dolorem ipsum quia dolor sit amet, consectetur, adipisci velit, sed quia non numquam eius modi tempora incidunt ut labore et dolore magnam aliquam quaerat voluptatem.', 4),
    (11, 'Chapters Three', 'Sed ut perspiciatis unde omnis iste natus error sit voluptatem accusantium doloremque laudantium, totam rem aperiam, eaque ipsa quae ab illo inventore veritatis et quasi architecto beatae vitae dicta sunt explicabo. Nemo enim ipsam voluptatem quia voluptas sit aspernatur aut odit aut fugit, sed quia consequuntur magni dolores eos qui ratione voluptatem sequi nesciunt. Neque porro quisquam est, qui dolorem ipsum quia dolor sit amet, consectetur, adipisci velit, sed quia non numquam eius modi tempora incidunt ut labore et dolore magnam aliquam quaerat voluptatem.', 4),
    (12, 'Chapters Four', 'Sed ut perspiciatis unde omnis iste natus error sit voluptatem accusantium doloremque laudantium, totam rem aperiam, eaque ipsa quae ab illo inventore veritatis et quasi architecto beatae vitae dicta sunt explicabo. Nemo enim ipsam voluptatem quia voluptas sit aspernatur aut odit aut fugit, sed quia consequuntur magni dolores eos qui ratione voluptatem sequi nesciunt. Neque porro quisquam est, qui dolorem ipsum quia dolor sit amet, consectetur, adipisci velit, sed quia non numquam eius modi tempora incidunt ut labore et dolore magnam aliquam quaerat voluptatem.', 4);

INSERT INTO geography VALUES
(1, 'geography 1', 'this is first geography for test app', 1),
(2, 'geography 2', 'this is second geography for test app', 1),
(3, 'geography 3', 'this is third geography for test app', 1),
(4, 'geography 1', 'this is first geography for test app', 2);

INSERT INTO notes VALUES
(1, 'this is first note for test app', 1),
(2, 'this is second note for test app', 1),
(3, 'this is third note for test app', 1),
(4, 'this is first note for test app', 2);